Payroll_ID,Employee_ID,Period,Gross_Amount,Tax_Amount,Other_Deductions,Net_Amount,Payment_Date,Branch_ID
1,8270,2024-01,2888.73,1484.61,149.57,1254.5500000000002,2024-01-31,103
2,1860,2024-02,3833.27,903.3,101.87,2828.1000000000004,2024-02-29,103
3,6390,2024-03,3334.14,1365.15,217.48,1751.5099999999998,2024-03-31,102
4,6191,2024-04,7628.41,1456.39,121.76,6050.259999999999,2024-04-30,101
5,6734,2024-05,6403.52,1299.49,204.77,4899.26,2024-05-31,104
6,7265,2024-06,6907.33,870.51,186.83,5849.99,2024-06-30,103
7,1466,2024-07,6082.51,1121.12,233.96,4727.43,2024-07-31,103
8,5426,2024-08,3306.42,992.74,184.9,2128.78,2024-08-31,101
9,6578,2024-09,4213.22,728.89,183.53,3300.8,2024-09-30,103
10,9322,2024-10,5734.06,1097.31,236.59,4400.16,2024-10-31,104
11,2685,2024-11,3166.81,646.29,216.75,2303.77,2024-11-30,102
12,1769,2024-12,6069.5,1356.3,215.81,4497.389999999999,2024-12-31,103
13,7949,2025-01,4639.51,860.61,223.46,3555.44,2025-01-31,104
14,3433,2025-02,4437.77,1060.35,123.22,3254.2000000000007,2025-02-28,103
15,6311,2025-03,6066.44,1084.99,237.84,4743.61,2025-03-31,101
16,6051,2025-04,5666.39,922.33,230.62,4513.4400000000005,2025-04-30,103
17,7420,2025-05,4458.55,1176.01,149.17,3133.37,2025-05-31,103
18,2184,2025-06,6738.99,857.53,187.8,5693.66,2025-06-30,102
19,5555,2025-07,3378.41,1261.39,198.03,1918.9899999999996,2025-07-31,101
20,4385,2025-08,5923.9,596.21,193.28,5134.41,2025-08-31,101
21,7396,2025-09,5889.65,1037.91,216.69,4635.05,2025-09-30,102
22,9666,2025-10,4535.68,1581.68,271.57,2682.43,2025-10-31,103
23,3558,2025-11,5489.2,699.9,254.09,4535.21,2025-11-30,104
24,8849,2025-12,3123.33,796.68,134.39,2192.26,2025-12-31,101
25,3047,2026-01,6386.04,1154.17,231.1,5000.7699999999995,2026-01-31,101
26,3747,2026-02,4722.65,1053.87,266.45,3402.33,2026-02-28,103
27,1189,2026-03,4215.92,1105.19,219.34,2891.39,2026-03-31,103
28,3734,2026-04,6573.51,1146.76,254.55,5172.2,2026-04-30,101
29,4005,2026-05,3943.48,1190.42,300.61,2452.45,2026-05-31,103
30,5658,2026-06,2887.31,1332.91,251.19,1303.2099999999998,2026-06-30,104
31,2899,2026-07,2665.06,1122.95,212.47,1329.6399999999999,2026-07-31,101
32,8734,2026-08,5909.01,927.62,252.25,4729.14,2026-08-31,104
33,2267,2026-09,3079.36,1201.77,207.24,1670.3500000000001,2026-09-30,104
34,2528,2026-10,7632.19,1569.96,201.2,5861.03,2026-10-31,103
35,4556,2026-11,1877.11,960.21,182.43,734.4699999999998,2026-11-30,104
36,4890,2026-12,7544.68,707.64,278.17,6558.87,2026-12-31,103
37,9838,2027-01,5316.53,1332.12,159.08,3825.33,2027-01-31,102
38,6393,2027-02,4854.93,963.89,276.62,3614.4200000000005,2027-02-28,103
39,9792,2027-03,4182.62,348.2,224.99,3609.4300000000003,2027-03-31,104
40,9433,2027-04,5598.7,1254.23,130.03,4214.44,2027-04-30,102
41,8513,2027-05,4943.55,839.4,218.38,3885.7700000000004,2027-05-31,103
42,3612,2027-06,6654.95,972.84,95.0,5587.11,2027-06-30,104
43,8041,2027-07,5171.34,1099.59,231.28,3840.47,2027-07-31,101
44,7235,2027-08,5225.45,1057.15,244.26,3924.039999999999,2027-08-31,101
45,6486,2027-09,4454.58,1212.84,170.38,3071.3599999999997,2027-09-30,103
46,8099,2027-10,4914.58,869.35,206.18,3839.05,2027-10-31,103
47,1775,2027-11,5461.7,1153.93,297.71,4010.0599999999995,2027-11-30,101
48,9226,2027-12,2434.75,922.14,174.71,1337.9,2027-12-31,104
49,4152,2028-01,2977.72,1221.64,147.05,1609.0299999999997,2028-01-31,104
50,2585,2028-02,6114.9,1184.61,274.08,4656.21,2028-02-29,104
51,4943,2028-03,5256.3,719.37,298.13,4238.8,2028-03-31,103
52,8555,2028-04,4724.02,1325.79,200.18,3198.0500000000006,2028-04-30,102
53,4073,2028-05,5027.65,839.21,250.57,3937.8699999999994,2028-05-31,102
54,2021,2028-06,5521.37,1242.42,267.07,4011.8799999999997,2028-06-30,102
55,4843,2028-07,4190.36,1110.19,162.88,2917.2899999999995,2028-07-31,102
56,8989,2028-08,3832.54,1551.46,175.73,2105.35,2028-08-31,102
57,7873,2028-09,5293.77,932.96,261.54,4099.27,2028-09-30,103
58,6675,2028-10,3532.44,895.2,284.25,2352.99,2028-10-31,103
59,1161,2028-11,5612.38,994.17,228.14,4390.07,2028-11-30,102
60,5297,2028-12,2446.12,909.05,156.01,1381.06,2028-12-31,103
61,1995,2029-01,6543.73,1239.98,299.35,5004.4,2029-01-31,103
62,8629,2029-02,5708.9,515.11,173.45,5020.34,2029-02-28,102
63,2016,2029-03,5384.04,683.9,183.24,4516.900000000001,2029-03-31,104
64,8869,2029-04,6474.04,679.66,217.12,5577.26,2029-04-30,103
65,7439,2029-05,7498.21,1285.09,277.71,5935.41,2029-05-31,104
66,8892,2029-06,6521.56,1513.18,242.7,4765.68,2029-06-30,103
67,7863,2029-07,2238.69,968.67,220.74,1049.28,2029-07-31,103
68,8916,2029-08,3080.63,949.35,223.16,1908.1200000000001,2029-08-31,102
69,9529,2029-09,4062.77,1021.02,202.18,2839.57,2029-09-30,103
70,1878,2029-10,5039.14,1348.56,227.91,3462.6700000000005,2029-10-31,101
71,5887,2029-11,5776.49,721.79,73.52,4981.179999999999,2029-11-30,101
72,5859,2029-12,3911.38,1071.51,185.17,2654.7,2029-12-31,102
73,7331,2030-01,5280.15,1292.56,212.07,3775.5199999999995,2030-01-31,104
74,9571,2030-02,3866.93,1150.33,142.45,2574.15,2030-02-28,104
75,9684,2030-03,4082.72,1056.87,219.32,2806.5299999999997,2030-03-31,104
76,8208,2030-04,2890.01,1300.31,189.78,1399.9200000000003,2030-04-30,101
77,6276,2030-05,3615.15,189.03,287.77,3138.35,2030-05-31,104
78,3062,2030-06,2972.47,1203.36,278.65,1490.46,2030-06-30,104
79,1064,2030-07,3536.19,803.78,176.71,2555.7,2030-07-31,102
80,9006,2030-08,6580.46,450.81,192.46,5937.19,2030-08-31,104
81,3568,2030-09,3575.9,1153.36,196.3,2226.24,2030-09-30,101
82,6463,2030-10,8948.57,1412.1,177.42,7359.049999999999,2030-10-31,101
83,3027,2030-11,5739.98,958.77,209.75,4571.459999999999,2030-11-30,101
84,3695,2030-12,5277.25,1285.86,162.09,3829.3,2030-12-31,102
85,6258,2031-01,3712.46,1483.68,143.47,2085.31,2031-01-31,102
86,6618,2031-02,6050.46,1394.47,231.14,4424.849999999999,2031-02-28,103
87,7736,2031-03,4136.54,1491.99,231.48,2413.07,2031-03-31,104
88,1391,2031-04,5183.01,1222.64,159.78,3800.5899999999997,2031-04-30,102
89,6892,2031-05,8840.13,1022.63,244.77,7572.729999999999,2031-05-31,101
90,4561,2031-06,4855.91,519.41,168.42,4168.08,2031-06-30,101
91,7184,2031-07,6723.91,926.18,212.66,5585.07,2031-07-31,102
92,4099,2031-08,3945.24,747.03,241.02,2957.19,2031-08-31,102
93,7278,2031-09,4947.52,1651.28,198.32,3097.9200000000005,2031-09-30,102
94,9392,2031-10,7656.2,947.23,222.74,6486.23,2031-10-31,103
95,4104,2031-11,4059.55,1036.96,174.18,2848.4100000000003,2031-11-30,101
96,8215,2031-12,7718.67,1165.45,190.18,6363.04,2031-12-31,103
97,3454,2032-01,6061.63,1013.08,189.71,4858.84,2032-01-31,103
98,9996,2032-02,4156.3,1508.52,162.67,2485.11,2032-02-29,104
99,3731,2032-03,5948.61,813.21,191.16,4944.24,2032-03-31,101
100,9154,2032-04,6458.83,1058.38,122.57,5277.88,2032-04-30,101
101,6056,2032-05,5932.71,777.26,175.44,4980.01,2032-05-31,102
102,9110,2032-06,2644.66,603.99,185.76,1854.9099999999999,2032-06-30,102
103,4840,2032-07,3909.29,816.47,187.19,2905.6299999999997,2032-07-31,104
104,2028,2032-08,4628.72,988.89,187.93,3451.9000000000005,2032-08-31,103
105,8385,2032-09,4888.35,871.21,196.91,3820.2300000000005,2032-09-30,102
106,1502,2032-10,5931.01,792.27,223.97,4914.7699999999995,2032-10-31,102
107,7910,2032-11,5266.55,578.1,243.73,4444.72,2032-11-30,101
108,7938,2032-12,2996.98,975.07,167.51,1854.3999999999999,2032-12-31,101
109,5488,2033-01,5570.3,548.58,139.84,4881.88,2033-01-31,102
110,1206,2033-02,5915.88,1228.02,147.9,4539.960000000001,2033-02-28,101
111,6134,2033-03,5839.69,1024.73,175.64,4639.319999999999,2033-03-31,104
112,6977,2033-04,6621.17,562.73,182.4,5876.040000000001,2033-04-30,102
113,8721,2033-05,6250.88,907.24,161.5,5182.14,2033-05-31,101
114,8035,2033-06,5688.77,774.35,135.19,4779.2300000000005,2033-06-30,104
115,2484,2033-07,4894.75,1095.75,177.19,3621.81,2033-07-31,101
116,8858,2033-08,2508.56,1402.14,209.07,897.3499999999999,2033-08-31,101
117,1863,2033-09,5644.43,437.45,229.75,4977.2300000000005,2033-09-30,101
118,3790,2033-10,5311.53,1034.51,172.13,4104.889999999999,2033-10-31,102
119,8408,2033-11,5407.37,951.96,179.35,4276.0599999999995,2033-11-30,103
120,9755,2033-12,3084.88,1201.4,153.67,1729.81,2033-12-31,101
121,6116,2034-01,3378.42,1063.96,198.43,2116.03,2034-01-31,104
122,7019,2034-02,6579.73,774.41,157.58,5647.74,2034-02-28,102
123,2757,2034-03,4940.67,904.28,228.66,3807.7300000000005,2034-03-31,102
124,8574,2034-04,6022.25,761.19,110.71,5150.349999999999,2034-04-30,104
125,7374,2034-05,5042.48,1322.8,182.02,3537.6599999999994,2034-05-31,101
126,7892,2034-06,5044.63,1006.39,215.06,3823.1800000000003,2034-06-30,103
127,2678,2034-07,6407.43,1570.36,209.19,4627.880000000001,2034-07-31,101
128,4242,2034-08,4225.93,981.8,334.65,2909.48,2034-08-31,104
129,5636,2034-09,5144.18,787.48,217.49,4139.210000000001,2034-09-30,102
130,2059,2034-10,4306.59,545.89,149.8,3610.9,2034-10-31,103
131,7668,2034-11,4348.26,459.06,195.23,3693.9700000000003,2034-11-30,102
132,4157,2034-12,4536.24,524.76,111.19,3900.2899999999995,2034-12-31,104
133,6915,2035-01,5333.2,1080.14,195.97,4057.0899999999997,2035-01-31,101
134,3693,2035-02,4281.88,1152.62,158.35,2970.9100000000003,2035-02-28,103
135,4627,2035-03,6883.63,525.64,245.77,6112.219999999999,2035-03-31,102
136,6450,2035-04,3658.09,1268.51,172.52,2217.06,2035-04-30,102
137,2663,2035-05,4719.69,855.08,194.16,3670.45,2035-05-31,102
138,6592,2035-06,4340.4,1044.04,168.22,3128.14,2035-06-30,101
139,8392,2035-07,7170.47,1483.67,286.94,5399.860000000001,2035-07-31,103
140,2306,2035-08,5294.83,1269.05,183.94,3841.8399999999997,2035-08-31,101
141,7776,2035-09,6547.77,919.44,291.63,5336.7,2035-09-30,101
142,6864,2035-10,2771.66,732.64,240.71,1798.31,2035-10-31,101
143,8526,2035-11,5400.58,354.46,224.1,4822.0199999999995,2035-11-30,104
144,9901,2035-12,6334.45,784.25,218.44,5331.76,2035-12-31,104
145,6575,2036-01,5123.43,936.66,219.69,3967.0800000000004,2036-01-31,104
146,6530,2036-02,6598.22,703.85,103.62,5790.75,2036-02-29,103
147,5413,2036-03,4224.07,960.62,186.06,3077.39,2036-03-31,101
148,4748,2036-04,7114.02,1023.06,242.26,5848.700000000001,2036-04-30,101
149,1663,2036-05,8448.35,932.54,197.56,7318.25,2036-05-31,104
150,2998,2036-06,4455.74,805.0,129.74,3521.0,2036-06-30,101
151,8994,2036-07,4331.75,1050.6,197.38,3083.77,2036-07-31,101
152,2495,2036-08,7180.08,1132.58,285.21,5762.29,2036-08-31,102
153,4304,2036-09,7369.36,672.88,262.34,6434.139999999999,2036-09-30,101
154,4763,2036-10,4215.71,1423.28,196.9,2595.53,2036-10-31,102
155,6232,2036-11,4369.72,970.42,247.57,3151.73,2036-11-30,101
156,2853,2036-12,4577.32,1005.65,181.67,3389.9999999999995,2036-12-31,103
157,7585,2037-01,2983.32,1212.46,114.81,1656.0500000000002,2037-01-31,104
158,2291,2037-02,3622.02,1069.96,153.78,2398.2799999999997,2037-02-28,102
159,4581,2037-03,3493.79,1285.94,278.14,1929.71,2037-03-31,104
160,8554,2037-04,3848.3,1086.14,186.3,2575.8599999999997,2037-04-30,102
161,8280,2037-05,4947.97,816.27,187.83,3943.870000000001,2037-05-31,102
162,2636,2037-06,5351.32,1108.45,185.01,4057.8599999999997,2037-06-30,102
163,4696,2037-07,7325.75,656.88,295.21,6373.66,2037-07-31,103
164,1698,2037-08,3502.47,1032.57,281.3,2188.5999999999995,2037-08-31,101
165,5737,2037-09,6476.48,990.03,310.94,5175.51,2037-09-30,102
166,1854,2037-10,4679.02,937.56,192.05,3549.4100000000003,2037-10-31,103
167,9164,2037-11,4925.8,961.44,214.78,3749.58,2037-11-30,102
168,6855,2037-12,6012.23,435.45,124.17,5452.61,2037-12-31,101
169,8392,2038-01,3315.92,835.38,273.85,2206.69,2038-01-31,102
170,7528,2038-02,5573.61,1027.85,141.61,4404.150000000001,2038-02-28,103
171,6249,2038-03,5249.68,1047.96,210.84,3990.88,2038-03-31,101
172,6172,2038-04,5738.68,691.7,145.13,4901.85,2038-04-30,103
173,2707,2038-05,5433.75,1379.71,170.56,3883.48,2038-05-31,101
174,6791,2038-06,8682.95,740.15,158.14,7784.660000000001,2038-06-30,101
175,6535,2038-07,4043.39,1290.84,169.61,2582.94,2038-07-31,104
176,5931,2038-08,4203.5,1128.16,173.04,2902.3,2038-08-31,104
177,4510,2038-09,4065.29,806.13,172.59,3086.5699999999997,2038-09-30,104
178,1202,2038-10,4166.78,1532.59,241.67,2392.5199999999995,2038-10-31,101
179,5218,2038-11,4043.92,641.91,144.76,3257.25,2038-11-30,102
180,9958,2038-12,6783.52,1275.75,211.03,5296.740000000001,2038-12-31,103
181,5389,2039-01,7130.76,1300.17,260.9,5569.6900000000005,2039-01-31,103
182,3327,2039-02,4143.88,798.81,174.34,3170.73,2039-02-28,103
183,9004,2039-03,3751.47,1417.74,164.1,2169.6299999999997,2039-03-31,104
184,3931,2039-04,5707.12,924.99,188.47,4593.66,2039-04-30,101
185,8777,2039-05,4171.67,1086.61,258.99,2826.0700000000006,2039-05-31,104
186,1197,2039-06,5949.4,1078.1,209.71,4661.589999999999,2039-06-30,102
187,8125,2039-07,5304.38,959.71,173.44,4171.2300000000005,2039-07-31,101
188,2930,2039-08,2726.38,1243.24,224.19,1258.95,2039-08-31,103
189,7287,2039-09,7321.26,1238.05,144.89,5938.32,2039-09-30,104
190,9800,2039-10,7693.82,475.44,234.07,6984.31,2039-10-31,104
191,5282,2039-11,4080.82,1391.3,220.43,2469.0900000000006,2039-11-30,102
192,3511,2039-12,4418.45,501.25,184.61,3732.5899999999997,2039-12-31,102
193,1659,2040-01,5428.8,1309.76,158.07,3960.97,2040-01-31,104
194,3811,2040-02,5501.69,1338.01,155.67,4008.0099999999993,2040-02-29,102
195,8098,2040-03,5987.82,672.71,226.74,5088.37,2040-03-31,103
196,7546,2040-04,8015.31,876.76,261.45,6877.1,2040-04-30,102
197,2986,2040-05,4734.58,668.29,168.13,3898.16,2040-05-31,102
198,9338,2040-06,3802.55,935.52,222.92,2644.11,2040-06-30,104
199,3911,2040-07,2931.02,907.59,95.65,1927.7799999999997,2040-07-31,104
200,2734,2040-08,3903.6,1233.9,170.77,2498.93,2040-08-31,101
201,2843,2040-09,4950.31,1393.09,198.45,3358.7700000000004,2040-09-30,101
202,9680,2040-10,7691.84,1418.71,154.52,6118.61,2040-10-31,104
203,3976,2040-11,4223.58,831.35,153.17,3239.06,2040-11-30,102
204,2959,2040-12,5335.68,937.23,166.61,4231.840000000001,2040-12-31,102
205,6759,2041-01,4975.37,494.97,214.61,4265.79,2041-01-31,101
206,7694,2041-02,6782.59,758.24,190.63,5833.72,2041-02-28,101
207,3385,2041-03,8790.4,1289.46,88.09,7412.849999999999,2041-03-31,101
208,5736,2041-04,4203.7,1484.67,93.96,2625.0699999999997,2041-04-30,103
209,2802,2041-05,4265.84,629.7,169.66,3466.4800000000005,2041-05-31,103
210,9155,2041-06,6566.24,822.26,222.88,5521.099999999999,2041-06-30,101
211,9120,2041-07,6022.84,992.08,62.62,4968.14,2041-07-31,102
212,7616,2041-08,7770.06,1084.05,175.01,6511.0,2041-08-31,101
213,6534,2041-09,5875.89,757.12,173.69,4945.080000000001,2041-09-30,103
214,5061,2041-10,4461.06,1127.22,269.42,3064.42,2041-10-31,102
215,1262,2041-11,5885.98,857.85,180.75,4847.379999999999,2041-11-30,103
216,7287,2041-12,6663.06,995.66,219.15,5448.250000000001,2041-12-31,102
217,9815,2042-01,6230.72,1163.89,207.06,4859.7699999999995,2042-01-31,103
218,3049,2042-02,5760.91,1001.93,93.47,4665.509999999999,2042-02-28,102
219,6423,2042-03,6600.01,869.08,238.41,5492.52,2042-03-31,102
220,5548,2042-04,6753.94,967.12,210.77,5576.049999999999,2042-04-30,102
221,4108,2042-05,7073.24,973.49,225.41,5874.34,2042-05-31,102
222,8158,2042-06,5973.06,889.0,396.31,4687.75,2042-06-30,104
223,8400,2042-07,4749.32,922.36,95.79,3731.1699999999996,2042-07-31,103
224,4170,2042-08,5220.07,1479.59,286.23,3454.2499999999995,2042-08-31,103
225,3255,2042-09,6809.76,1168.28,185.63,5455.85,2042-09-30,104
226,2154,2042-10,3774.6,911.36,214.37,2648.87,2042-10-31,102
227,5499,2042-11,5553.01,1209.09,197.72,4146.2,2042-11-30,102
228,7295,2042-12,4409.99,899.85,178.79,3331.35,2042-12-31,103
229,7197,2043-01,5043.12,1351.94,171.51,3519.67,2043-01-31,104
230,2648,2043-02,6917.68,1110.89,216.48,5590.31,2043-02-28,102
231,6539,2043-03,5286.65,967.81,124.14,4194.7,2043-03-31,102
232,5199,2043-04,5069.65,1134.32,237.53,3697.7999999999997,2043-04-30,102
233,9445,2043-05,2960.22,528.74,179.19,2252.2899999999995,2043-05-31,101
234,3557,2043-06,6119.38,661.97,143.5,5313.91,2043-06-30,104
235,6592,2043-07,5968.23,641.82,177.5,5148.91,2043-07-31,102
236,1098,2043-08,8244.88,1042.88,262.86,6939.139999999999,2043-08-31,101
237,3200,2043-09,4538.33,1519.75,173.23,2845.35,2043-09-30,104
238,3961,2043-10,5328.73,1669.39,217.92,3441.419999999999,2043-10-31,102
239,5973,2043-11,5374.08,1191.42,163.45,4019.21,2043-11-30,103
240,5433,2043-12,7366.18,1150.25,237.9,5978.030000000001,2043-12-31,101
241,3869,2044-01,4857.06,459.68,234.28,4163.1,2044-01-31,101
242,1956,2044-02,5418.53,837.2,292.43,4288.9,2044-02-29,102
243,9352,2044-03,5911.84,763.66,191.22,4956.96,2044-03-31,102
244,6699,2044-04,5279.91,813.75,233.43,4232.73,2044-04-30,101
245,7944,2044-05,4330.35,949.56,204.9,3175.8900000000003,2044-05-31,103
246,5493,2044-06,5291.13,858.37,264.79,4167.97,2044-06-30,103
247,5911,2044-07,6610.45,406.21,164.06,6040.179999999999,2044-07-31,104
248,4987,2044-08,3460.23,1224.37,237.25,1998.6100000000001,2044-08-31,102
249,7015,2044-09,5199.45,678.18,190.27,4330.999999999999,2044-09-30,103
250,2218,2044-10,3949.82,1071.77,196.79,2681.26,2044-10-31,104
251,5496,2044-11,6792.57,1622.22,204.59,4965.759999999999,2044-11-30,103
252,5735,2044-12,2715.22,724.18,212.61,1778.4299999999998,2044-12-31,102
253,5555,2045-01,4161.62,240.91,194.19,3726.52,2045-01-31,104
254,9050,2045-02,5565.82,914.2,210.74,4440.88,2045-02-28,104
255,4446,2045-03,7348.29,1330.29,278.91,5739.09,2045-03-31,104
256,2045,2045-04,4901.37,1587.5,249.27,3064.6,2045-04-30,103
257,7893,2045-05,4167.2,631.14,243.46,3292.6,2045-05-31,102
258,2693,2045-06,7821.74,1149.01,177.22,6495.509999999999,2045-06-30,104
259,4436,2045-07,2827.98,860.41,155.54,1812.0300000000002,2045-07-31,101
260,9754,2045-08,1701.79,968.22,247.77,485.79999999999995,2045-08-31,102
261,6895,2045-09,5660.02,1793.3,243.8,3622.92,2045-09-30,101
262,4354,2045-10,4246.92,549.11,273.63,3424.18,2045-10-31,101
263,1225,2045-11,3468.15,1076.12,169.8,2222.23,2045-11-30,104
264,5893,2045-12,6062.53,1140.31,188.52,4733.699999999999,2045-12-31,104
265,8022,2046-01,5365.7,1325.74,118.03,3921.93,2046-01-31,103
266,6600,2046-02,4153.88,1029.39,180.38,2944.1099999999997,2046-02-28,103
267,8996,2046-03,3079.54,1092.42,249.83,1737.29,2046-03-31,103
268,8683,2046-04,6308.69,882.51,176.68,5249.499999999999,2046-04-30,102
269,5642,2046-05,5975.3,1080.74,232.02,4662.54,2046-05-31,103
270,8679,2046-06,4851.24,897.04,190.47,3763.73,2046-06-30,101
271,9208,2046-07,7769.96,1186.47,216.2,6367.29,2046-07-31,103
272,8339,2046-08,3394.87,889.12,142.62,2363.13,2046-08-31,104
273,3205,2046-09,2711.71,1113.13,204.26,1394.32,2046-09-30,103
274,2069,2046-10,3962.14,991.22,50.44,2920.48,2046-10-31,102
275,4444,2046-11,4931.62,1337.82,190.66,3403.1400000000003,2046-11-30,102
276,2060,2046-12,5365.01,984.58,118.48,4261.950000000001,2046-12-31,101
277,3327,2047-01,4638.15,468.09,260.3,3909.7599999999993,2047-01-31,102
278,4420,2047-02,5528.08,1378.58,238.87,3910.63,2047-02-28,103
279,1301,2047-03,3122.69,728.28,223.33,2171.08,2047-03-31,104
280,1606,2047-04,7165.65,803.87,276.05,6085.73,2047-04-30,102
281,4170,2047-05,4876.77,821.3,152.55,3902.92,2047-05-31,101
282,1699,2047-06,6675.94,1412.33,287.37,4976.24,2047-06-30,103
283,6088,2047-07,5514.09,359.3,246.61,4908.18,2047-07-31,101
284,1190,2047-08,5685.13,1941.32,188.17,3555.6400000000003,2047-08-31,102
285,1980,2047-09,5854.65,1316.82,256.78,4281.05,2047-09-30,102
286,3975,2047-10,5671.56,1066.97,144.69,4459.900000000001,2047-10-31,101
287,7102,2047-11,5964.08,983.53,158.77,4821.78,2047-11-30,103
288,2184,2047-12,6993.73,1085.67,169.57,5738.49,2047-12-31,102
289,4327,2048-01,5294.78,1156.34,173.55,3964.8899999999994,2048-01-31,104
290,4394,2048-02,6063.51,1193.56,147.17,4722.780000000001,2048-02-29,102
291,9319,2048-03,4865.4,1166.68,261.15,3437.5699999999993,2048-03-31,103
292,2816,2048-04,7160.18,1026.87,187.06,5946.25,2048-04-30,102
293,6854,2048-05,3985.41,940.8,217.63,2826.9799999999996,2048-05-31,101
294,7709,2048-06,7701.41,954.62,171.48,6575.31,2048-06-30,102
295,1569,2048-07,4939.76,941.53,108.97,3889.2600000000007,2048-07-31,102
296,6442,2048-08,2853.84,1340.13,213.5,1300.21,2048-08-31,103
297,2895,2048-09,5192.16,1178.07,104.39,3909.7000000000003,2048-09-30,101
298,3733,2048-10,3978.42,117.88,196.57,3663.97,2048-10-31,103
299,4863,2048-11,6260.97,1196.77,131.58,4932.620000000001,2048-11-30,102
300,8455,2048-12,4021.06,1058.42,299.36,2663.2799999999997,2048-12-31,104
301,5014,2049-01,4330.72,994.39,245.57,3090.76,2049-01-31,102
302,2686,2049-02,2165.69,883.44,205.29,1076.96,2049-02-28,103
303,4009,2049-03,4321.54,1337.23,263.19,2721.12,2049-03-31,104
304,8806,2049-04,1364.18,1284.26,157.68,-77.75999999999993,2049-04-30,103
305,1154,2049-05,2624.15,768.14,227.17,1628.8400000000001,2049-05-31,103
306,2409,2049-06,6140.62,1122.12,209.99,4808.51,2049-06-30,101
307,1784,2049-07,6178.7,708.5,213.2,5257.0,2049-07-31,104
308,9096,2049-08,5638.19,586.11,263.62,4788.46,2049-08-31,102
309,8560,2049-09,3549.54,811.98,236.62,2500.94,2049-09-30,103
310,8343,2049-10,4928.43,1258.72,214.44,3455.27,2049-10-31,102
311,8206,2049-11,4994.6,1285.94,117.26,3591.4,2049-11-30,101
312,6596,2049-12,3262.45,1153.93,152.0,1956.5199999999995,2049-12-31,101
313,6801,2050-01,7255.1,1217.53,193.86,5843.710000000001,2050-01-31,104
314,3806,2050-02,6316.04,1154.85,204.67,4956.52,2050-02-28,101
315,1537,2050-03,4668.55,807.56,143.49,3717.5,2050-03-31,101
316,6986,2050-04,5040.33,1129.58,320.58,3590.17,2050-04-30,102
317,2841,2050-05,5312.57,1240.12,275.82,3796.6299999999997,2050-05-31,101
318,9716,2050-06,1937.4,1226.29,230.11,481.0000000000001,2050-06-30,101
319,7971,2050-07,4629.23,1356.67,203.6,3068.9599999999996,2050-07-31,103
320,6625,2050-08,3977.02,1212.49,189.39,2575.14,2050-08-31,101
321,3950,2050-09,3497.57,1105.43,152.4,2239.7400000000002,2050-09-30,103
322,8992,2050-10,4578.35,1321.05,203.87,3053.4300000000003,2050-10-31,101
323,5780,2050-11,7696.53,992.04,212.89,6491.599999999999,2050-11-30,101
324,3368,2050-12,5961.26,735.44,137.91,5087.91,2050-12-31,104
325,7655,2051-01,4143.23,951.08,216.71,2975.4399999999996,2051-01-31,104
326,9173,2051-02,5858.87,776.53,192.24,4890.1,2051-02-28,103
327,5495,2051-03,7099.03,797.45,104.61,6196.97,2051-03-31,101
328,7002,2051-04,6386.95,956.64,156.98,5273.33,2051-04-30,102
329,7614,2051-05,5089.45,762.27,179.32,4147.860000000001,2051-05-31,104
330,6919,2051-06,4029.59,907.61,294.38,2827.6,2051-06-30,102
331,1853,2051-07,6047.33,431.92,227.83,5387.58,2051-07-31,104
332,5146,2051-08,5590.23,1063.99,133.23,4393.01,2051-08-31,104
333,4769,2051-09,6342.79,1000.36,224.3,5118.13,2051-09-30,101
334,1574,2051-10,5952.76,754.87,122.63,5075.26,2051-10-31,104
335,2148,2051-11,6574.33,1197.77,254.13,5122.429999999999,2051-11-30,102
336,7293,2051-12,4197.15,1281.27,176.44,2739.4399999999996,2051-12-31,104
337,7457,2052-01,6976.09,517.73,195.32,6263.040000000001,2052-01-31,103
338,8509,2052-02,5296.4,771.18,266.29,4258.929999999999,2052-02-29,101
339,5777,2052-03,8112.89,769.26,135.64,7207.99,2052-03-31,101
340,4854,2052-04,3966.22,718.03,130.14,3118.0499999999997,2052-04-30,103
341,3491,2052-05,7603.95,1248.84,170.82,6184.29,2052-05-31,103
342,4124,2052-06,5296.87,941.85,251.92,4103.099999999999,2052-06-30,103
343,6691,2052-07,4022.87,920.65,124.03,2978.1899999999996,2052-07-31,104
344,4051,2052-08,4274.17,398.84,58.39,3816.94,2052-08-31,101
345,1004,2052-09,4519.48,1190.63,177.44,3151.4099999999994,2052-09-30,103
346,6222,2052-10,5636.25,628.22,227.59,4780.44,2052-10-31,104
347,6315,2052-11,5784.25,1017.98,260.01,4506.26,2052-11-30,103
348,5869,2052-12,4139.45,1083.21,176.84,2879.3999999999996,2052-12-31,102
349,1876,2053-01,4963.47,1408.2,179.43,3375.8400000000006,2053-01-31,102
350,8027,2053-02,8213.41,607.35,257.7,7348.36,2053-02-28,101
351,5142,2053-03,7591.31,94.15,106.51,7390.650000000001,2053-03-31,104
352,7966,2053-04,5654.49,1055.15,180.57,4418.77,2053-04-30,102
353,8079,2053-05,5057.01,1540.15,209.52,3307.34,2053-05-31,102
354,8987,2053-06,5180.05,1371.68,222.46,3585.91,2053-06-30,104
355,7799,2053-07,5920.28,1062.9,174.51,4682.869999999999,2053-07-31,103
356,5465,2053-08,3465.81,852.51,201.72,2411.5800000000004,2053-08-31,104
357,1635,2053-09,4613.94,1242.14,75.58,3296.2199999999993,2053-09-30,103
358,2693,2053-10,2497.12,707.94,167.09,1622.09,2053-10-31,102
359,5752,2053-11,5598.83,1142.91,222.68,4233.24,2053-11-30,102
360,9311,2053-12,5970.79,1151.64,150.89,4668.259999999999,2053-12-31,102
361,1830,2054-01,4275.22,1318.06,202.95,2754.2100000000005,2054-01-31,101
362,6177,2054-02,7360.98,1827.9,222.34,5310.74,2054-02-28,101
363,9932,2054-03,3161.35,1117.72,182.87,1860.7599999999998,2054-03-31,101
364,9308,2054-04,2803.44,847.31,208.52,1747.6100000000001,2054-04-30,104
365,6949,2054-05,5336.68,992.33,151.86,4192.490000000001,2054-05-31,102
366,3838,2054-06,6570.65,469.28,189.67,5911.7,2054-06-30,102
367,2150,2054-07,7525.89,791.59,230.51,6503.79,2054-07-31,104
368,8560,2054-08,4311.67,877.22,207.85,3226.6,2054-08-31,101
369,2931,2054-09,6618.02,842.77,170.67,5604.58,2054-09-30,104
370,2664,2054-10,4942.24,1045.71,211.21,3685.3199999999997,2054-10-31,101
371,2081,2054-11,4741.06,753.27,235.73,3752.0600000000004,2054-11-30,102
372,1512,2054-12,6325.49,1336.31,97.5,4891.68,2054-12-31,103
373,8805,2055-01,5978.48,1000.06,257.95,4720.47,2055-01-31,101
374,6237,2055-02,2635.41,997.21,183.19,1455.0099999999998,2055-02-28,102
375,1559,2055-03,7214.81,901.63,221.27,6091.91,2055-03-31,102
376,4672,2055-04,7070.14,1046.56,259.86,5763.72,2055-04-30,103
377,8404,2055-05,4061.66,1247.53,131.42,2682.71,2055-05-31,102
378,4343,2055-06,5593.71,739.86,164.53,4689.320000000001,2055-06-30,102
379,5070,2055-07,5741.05,802.57,185.57,4752.910000000001,2055-07-31,101
380,1580,2055-08,5391.01,908.88,160.81,4321.32,2055-08-31,101
381,8004,2055-09,4174.54,596.24,286.75,3291.55,2055-09-30,103
382,9130,2055-10,3992.56,754.22,157.16,3081.1800000000003,2055-10-31,103
383,4147,2055-11,4961.67,857.13,172.22,3932.32,2055-11-30,102
384,5249,2055-12,6759.09,1262.32,210.22,5286.55,2055-12-31,101
385,2679,2056-01,5815.4,1078.77,139.89,4596.739999999999,2056-01-31,103
386,4506,2056-02,4444.08,1058.08,180.22,3205.78,2056-02-29,103
387,8253,2056-03,6157.55,1255.27,215.87,4686.410000000001,2056-03-31,104
388,3744,2056-04,727.19,958.79,183.36,-414.9599999999999,2056-04-30,103
389,6188,2056-05,6723.15,1117.14,195.33,5410.679999999999,2056-05-31,102
390,3141,2056-06,2390.43,969.03,173.53,1247.87,2056-06-30,101
391,7617,2056-07,4456.34,1079.61,124.28,3252.4500000000003,2056-07-31,103
392,3479,2056-08,3320.5,825.17,216.08,2279.25,2056-08-31,104
393,7484,2056-09,3057.98,268.35,287.75,2501.88,2056-09-30,101
394,8421,2056-10,6741.24,959.72,200.92,5580.599999999999,2056-10-31,103
395,5452,2056-11,4298.45,1426.82,211.26,2660.37,2056-11-30,104
396,6881,2056-12,5519.76,1277.86,234.64,4007.2600000000007,2056-12-31,103
397,7665,2057-01,4929.62,1289.62,136.53,3503.47,2057-01-31,101
398,3849,2057-02,5715.56,1370.84,285.13,4059.59,2057-02-28,101
399,8390,2057-03,5115.23,1026.6,210.12,3878.5099999999998,2057-03-31,101
400,7905,2057-04,3075.51,1059.19,281.59,1734.7300000000002,2057-04-30,102
401,3489,2057-05,6494.4,814.7,163.35,5516.349999999999,2057-05-31,103
402,5611,2057-06,4259.37,905.18,290.9,3063.29,2057-06-30,102
403,3839,2057-07,2665.13,1184.73,238.76,1241.64,2057-07-31,101
404,9527,2057-08,4357.83,1361.17,227.65,2769.0099999999998,2057-08-31,104
405,6878,2057-09,7251.14,958.17,211.7,6081.27,2057-09-30,103
406,7303,2057-10,6275.33,864.94,187.57,5222.82,2057-10-31,102
407,1851,2057-11,4477.02,1000.16,260.03,3216.830000000001,2057-11-30,103
408,2687,2057-12,4476.11,1180.36,207.02,3088.73,2057-12-31,104
409,7833,2058-01,4517.55,566.84,101.65,3849.06,2058-01-31,102
410,3427,2058-02,8115.12,311.15,144.14,7659.83,2058-02-28,101
411,5000,2058-03,5572.9,834.84,190.71,4547.349999999999,2058-03-31,102
412,6052,2058-04,5645.06,633.79,215.5,4795.77,2058-04-30,103
413,3738,2058-05,6545.43,847.56,197.17,5500.700000000001,2058-05-31,103
414,6732,2058-06,5358.18,955.67,260.95,4141.56,2058-06-30,103
415,6387,2058-07,4611.44,864.03,102.44,3644.97,2058-07-31,103
416,9002,2058-08,4705.48,1435.74,207.18,3062.56,2058-08-31,101
417,6536,2058-09,4892.6,1098.02,109.1,3685.4800000000005,2058-09-30,102
418,4913,2058-10,4944.17,1090.14,237.99,3616.04,2058-10-31,101
419,2066,2058-11,6091.44,1186.66,195.28,4709.5,2058-11-30,101
420,8723,2058-12,5077.92,658.35,220.98,4198.59,2058-12-31,101
421,5380,2059-01,6098.96,1311.73,156.81,4630.419999999999,2059-01-31,103
422,5107,2059-02,4878.93,977.27,263.97,3637.6900000000005,2059-02-28,103
423,6726,2059-03,5117.95,1201.14,252.09,3664.7199999999993,2059-03-31,103
424,4373,2059-04,2002.7,678.44,229.18,1095.08,2059-04-30,102
425,9945,2059-05,6374.49,533.87,193.52,5647.099999999999,2059-05-31,104
426,3082,2059-06,5519.73,1245.37,228.99,4045.37,2059-06-30,103
427,9967,2059-07,6497.02,1112.92,164.66,5219.4400000000005,2059-07-31,102
428,7748,2059-08,655.62,729.38,242.78,-316.53999999999996,2059-08-31,103
429,1417,2059-09,8132.56,739.1,282.47,7110.99,2059-09-30,103
430,9306,2059-10,4790.62,1337.63,253.53,3199.4599999999996,2059-10-31,101
431,9808,2059-11,6662.27,643.18,163.52,5855.57,2059-11-30,101
432,4974,2059-12,3440.14,1492.8,218.07,1729.27,2059-12-31,101
433,4267,2060-01,5919.16,729.81,135.34,5054.01,2060-01-31,102
434,1825,2060-02,3419.88,1191.52,228.62,1999.7400000000002,2060-02-29,104
435,8668,2060-03,4064.35,901.41,222.53,2940.41,2060-03-31,104
436,6745,2060-04,7871.05,1180.96,106.51,6583.58,2060-04-30,102
437,1412,2060-05,4713.98,836.77,141.91,3735.2999999999997,2060-05-31,103
438,8543,2060-06,5326.15,951.16,185.84,4189.15,2060-06-30,102
439,8587,2060-07,6305.1,1012.28,184.96,5107.860000000001,2060-07-31,103
440,1728,2060-08,5743.52,699.34,139.53,4904.650000000001,2060-08-31,102
441,8164,2060-09,5225.63,1222.25,219.45,3783.9300000000003,2060-09-30,102
442,9867,2060-10,5547.44,846.04,212.57,4488.83,2060-10-31,102
443,6988,2060-11,8605.12,931.42,190.29,7483.410000000001,2060-11-30,104
444,3504,2060-12,4913.57,701.7,162.21,4049.66,2060-12-31,101
445,3967,2061-01,5301.65,231.3,252.44,4817.91,2061-01-31,102
446,3786,2061-02,6575.98,942.69,282.77,5350.519999999999,2061-02-28,104
447,2122,2061-03,6658.29,1723.78,175.82,4758.6900000000005,2061-03-31,101
448,5079,2061-04,6780.55,1235.38,169.39,5375.78,2061-04-30,101
449,2571,2061-05,5958.1,994.22,224.56,4739.32,2061-05-31,102
450,6073,2061-06,3285.49,921.13,182.1,2182.2599999999998,2061-06-30,103
451,6104,2061-07,7450.15,1006.74,193.03,6250.38,2061-07-31,103
452,3143,2061-08,3280.48,1164.14,236.98,1879.3600000000001,2061-08-31,103
453,7806,2061-09,5453.95,645.76,104.53,4703.66,2061-09-30,102
454,8357,2061-10,3868.59,1334.3,265.92,2268.37,2061-10-31,103
455,4440,2061-11,4903.79,1214.61,203.63,3485.55,2061-11-30,104
456,4766,2061-12,5493.14,1215.46,179.43,4098.25,2061-12-31,104
457,6644,2062-01,5482.04,1131.54,195.54,4154.96,2062-01-31,104
458,3914,2062-02,5632.88,1005.88,198.12,4428.88,2062-02-28,104
459,5968,2062-03,7420.57,1201.86,113.44,6105.27,2062-03-31,101
460,6917,2062-04,5680.3,1177.54,274.75,4228.01,2062-04-30,104
461,9787,2062-05,4633.77,893.79,202.07,3537.9100000000003,2062-05-31,103
462,1728,2062-06,6446.13,827.92,222.15,5396.06,2062-06-30,102
463,2365,2062-07,6784.21,1030.56,247.58,5506.07,2062-07-31,103
464,5492,2062-08,3158.59,1464.71,148.94,1544.94,2062-08-31,104
465,1698,2062-09,5896.1,628.27,223.67,5044.16,2062-09-30,101
466,8186,2062-10,6051.76,559.74,186.62,5305.400000000001,2062-10-31,104
467,1395,2062-11,4553.65,1049.43,242.34,3261.879999999999,2062-11-30,102
468,8400,2062-12,7063.56,1015.27,93.64,5954.650000000001,2062-12-31,103
469,9082,2063-01,4774.92,1052.0,195.05,3527.87,2063-01-31,102
470,5171,2063-02,5188.36,1073.19,169.86,3945.31,2063-02-28,102
471,5360,2063-03,4740.39,933.04,221.61,3585.7400000000002,2063-03-31,102
472,3502,2063-04,5023.37,1446.96,223.5,3352.91,2063-04-30,103
473,1717,2063-05,3355.59,519.73,164.62,2671.2400000000002,2063-05-31,104
474,3782,2063-06,2839.92,751.45,164.39,1924.0800000000004,2063-06-30,102
475,5946,2063-07,7391.76,969.02,194.47,6228.2699999999995,2063-07-31,103
476,6486,2063-08,3729.56,507.04,155.17,3067.35,2063-08-31,101
477,9335,2063-09,3512.91,947.24,242.1,2323.57,2063-09-30,103
478,5980,2063-10,1769.91,1498.44,181.54,89.93000000000004,2063-10-31,101
479,8266,2063-11,4041.56,1006.27,54.65,2980.64,2063-11-30,103
480,5491,2063-12,3015.37,1069.21,181.26,1764.8999999999999,2063-12-31,104
481,8192,2064-01,7463.02,621.95,148.07,6693.000000000001,2064-01-31,102
482,6588,2064-02,6514.73,815.09,118.44,5581.2,2064-02-29,104
483,8651,2064-03,3967.77,887.44,138.13,2942.2,2064-03-31,103
484,4636,2064-04,8378.65,904.69,205.47,7268.489999999999,2064-04-30,102
485,2167,2064-05,6472.65,1384.49,266.43,4821.73,2064-05-31,101
486,2062,2064-06,4512.75,1167.31,215.66,3129.78,2064-06-30,103
487,3156,2064-07,1250.89,666.56,169.67,414.6600000000002,2064-07-31,102
488,8860,2064-08,8436.41,1073.95,222.8,7139.66,2064-08-31,101
489,6161,2064-09,2915.64,1149.47,177.05,1589.12,2064-09-30,101
490,6305,2064-10,2531.9,1342.04,165.27,1024.5900000000001,2064-10-31,104
491,7541,2064-11,6533.86,1474.16,142.28,4917.42,2064-11-30,103
492,5729,2064-12,8659.63,695.47,112.41,7851.749999999999,2064-12-31,101
493,8330,2065-01,7076.41,756.74,180.5,6139.17,2065-01-31,102
494,6334,2065-02,5845.86,622.73,207.9,5015.23,2065-02-28,101
495,9924,2065-03,5892.13,929.79,195.17,4767.17,2065-03-31,101
496,5330,2065-04,6280.12,1139.91,179.2,4961.01,2065-04-30,104
497,9010,2065-05,6138.39,1296.2,152.71,4689.4800000000005,2065-05-31,104
498,7801,2065-06,5421.79,977.21,230.41,4214.17,2065-06-30,102
499,5846,2065-07,5156.3,904.05,134.14,4118.11,2065-07-31,104
500,7731,2065-08,4906.11,1045.53,238.8,3621.7799999999997,2065-08-31,101
501,8241,2065-09,3869.05,749.46,149.89,2969.7000000000003,2065-09-30,101
502,1953,2065-10,4578.99,1626.86,162.38,2789.75,2065-10-31,104
503,3539,2065-11,2460.56,517.7,126.66,1816.1999999999998,2065-11-30,101
504,8056,2065-12,4852.49,1055.42,174.93,3622.14,2065-12-31,101
505,2542,2066-01,3517.11,1607.08,248.77,1661.2600000000002,2066-01-31,102
506,6293,2066-02,3344.62,1002.04,225.78,2116.7999999999997,2066-02-28,104
507,2191,2066-03,5269.84,942.99,248.92,4077.9300000000003,2066-03-31,101
508,7313,2066-04,7088.0,892.77,226.11,5969.12,2066-04-30,104
509,7938,2066-05,6377.47,945.88,144.82,5286.77,2066-05-31,102
510,3681,2066-06,2644.25,1411.85,183.46,1048.94,2066-06-30,104
511,2540,2066-07,3515.56,336.44,160.99,3018.13,2066-07-31,101
512,7172,2066-08,6411.16,1460.03,266.53,4684.6,2066-08-31,104
513,6541,2066-09,3526.27,572.81,140.16,2813.3,2066-09-30,101
514,2365,2066-10,4663.05,920.0,244.68,3498.3700000000003,2066-10-31,101
515,9691,2066-11,5825.08,871.23,244.65,4709.200000000001,2066-11-30,101
516,9702,2066-12,3547.48,1176.57,291.48,2079.43,2066-12-31,102
517,8494,2067-01,5158.06,520.56,179.52,4457.98,2067-01-31,104
518,5312,2067-02,2998.96,1138.65,235.62,1624.69,2067-02-28,102
519,2324,2067-03,4097.95,1607.29,314.08,2176.58,2067-03-31,104
520,4141,2067-04,5479.67,591.05,169.12,4719.5,2067-04-30,102
521,8419,2067-05,2610.51,1056.91,123.25,1430.3500000000001,2067-05-31,103
522,4486,2067-06,5660.71,801.41,106.0,4753.3,2067-06-30,101
523,2810,2067-07,4970.54,1127.77,235.64,3607.13,2067-07-31,101
524,7588,2067-08,5828.73,1005.74,105.84,4717.15,2067-08-31,102
525,3923,2067-09,5335.87,807.55,181.38,4346.94,2067-09-30,103
526,6301,2067-10,7046.21,1146.36,221.87,5677.9800000000005,2067-10-31,101
527,5186,2067-11,5187.84,1541.3,209.26,3437.2799999999997,2067-11-30,104
528,9905,2067-12,4355.89,942.73,221.27,3191.8900000000003,2067-12-31,102
529,6977,2068-01,5183.45,1215.93,211.11,3756.4099999999994,2068-01-31,101
530,5268,2068-02,5814.95,612.02,263.94,4938.990000000001,2068-02-29,101
531,5748,2068-03,5073.29,713.07,152.38,4207.84,2068-03-31,102
532,5849,2068-04,5060.89,1141.72,166.15,3753.02,2068-04-30,102
533,4709,2068-05,3947.01,1445.23,161.37,2340.4100000000003,2068-05-31,104
534,7619,2068-06,4005.65,1106.68,241.51,2657.46,2068-06-30,104
535,9647,2068-07,2896.09,906.08,245.02,1744.9900000000002,2068-07-31,101
536,4072,2068-08,7624.37,999.79,222.56,6402.0199999999995,2068-08-31,101
537,7530,2068-09,3134.21,624.88,259.17,2250.16,2068-09-30,102
538,1504,2068-10,3960.64,1181.35,141.1,2638.19,2068-10-31,101
539,2214,2068-11,3922.39,1264.7,283.36,2374.3299999999995,2068-11-30,101
540,2531,2068-12,6342.39,864.37,276.16,5201.860000000001,2068-12-31,102
541,8576,2069-01,4557.58,858.99,236.78,3461.81,2069-01-31,101
542,1823,2069-02,6871.61,1079.76,289.09,5502.759999999999,2069-02-28,101
543,1928,2069-03,3989.76,868.98,117.17,3003.61,2069-03-31,103
544,6029,2069-04,5418.49,980.16,173.78,4264.55,2069-04-30,104
545,1133,2069-05,3746.98,1629.92,163.23,1953.83,2069-05-31,102
546,3105,2069-06,8217.72,925.89,236.07,7055.759999999999,2069-06-30,103
547,4627,2069-07,3218.6,892.5,147.49,2178.6099999999997,2069-07-31,104
548,7316,2069-08,5464.73,805.74,237.87,4421.12,2069-08-31,104
549,2852,2069-09,5950.67,1223.26,268.53,4458.88,2069-09-30,104
550,5910,2069-10,5620.7,945.63,234.76,4440.3099999999995,2069-10-31,103
551,5175,2069-11,4722.07,805.19,214.19,3702.6899999999996,2069-11-30,103
552,6348,2069-12,4805.27,1396.39,150.61,3258.27,2069-12-31,104
553,7190,2070-01,5065.72,1425.88,157.66,3482.1800000000003,2070-01-31,101
554,2256,2070-02,4779.5,819.87,262.48,3697.15,2070-02-28,101
555,4376,2070-03,6445.82,440.04,238.97,5766.8099999999995,2070-03-31,103
556,6645,2070-04,8315.78,1302.25,198.05,6815.4800000000005,2070-04-30,103
557,4486,2070-05,4163.76,794.61,179.1,3190.05,2070-05-31,103
558,4584,2070-06,2945.3,1237.19,98.71,1609.4,2070-06-30,104
559,9053,2070-07,4867.58,408.97,146.46,4312.15,2070-07-31,101
560,4330,2070-08,8869.56,1267.78,295.57,7306.21,2070-08-31,103
561,3703,2070-09,3794.49,636.65,135.98,3021.8599999999997,2070-09-30,103
562,9662,2070-10,7458.68,1219.23,209.47,6029.9800000000005,2070-10-31,102
563,9120,2070-11,7516.55,1004.28,250.37,6261.900000000001,2070-11-30,104
564,8114,2070-12,4169.62,713.82,137.25,3318.5499999999997,2070-12-31,102
565,2353,2071-01,5853.47,877.89,209.24,4766.34,2071-01-31,101
566,6063,2071-02,7442.59,1205.9,246.9,5989.790000000001,2071-02-28,102
567,9549,2071-03,4431.31,1031.77,200.62,3198.9200000000005,2071-03-31,102
568,8575,2071-04,4694.63,1175.32,343.42,3175.8900000000003,2071-04-30,102
569,1667,2071-05,4127.48,1592.93,116.57,2417.979999999999,2071-05-31,104
570,5468,2071-06,3477.86,530.73,252.94,2694.19,2071-06-30,101
571,7819,2071-07,4026.08,1485.16,191.36,2349.56,2071-07-31,102
572,4719,2071-08,3164.09,1031.31,238.6,1894.1800000000003,2071-08-31,104
573,3745,2071-09,5051.13,730.36,222.07,4098.700000000001,2071-09-30,101
574,8483,2071-10,3845.04,600.91,163.34,3080.79,2071-10-31,103
575,1539,2071-11,5350.68,943.26,211.45,4195.97,2071-11-30,102
576,5964,2071-12,2666.16,1276.5,107.1,1282.56,2071-12-31,101
577,5835,2072-01,5496.32,961.74,230.16,4304.42,2072-01-31,102
578,4775,2072-02,6250.29,1453.35,214.91,4582.030000000001,2072-02-29,103
579,7042,2072-03,2009.4,564.65,231.93,1212.82,2072-03-31,101
580,8102,2072-04,5561.08,996.37,252.91,4311.8,2072-04-30,104
581,8312,2072-05,6841.5,624.28,218.38,5998.84,2072-05-31,101
582,6320,2072-06,3185.54,1109.09,207.4,1869.0499999999997,2072-06-30,104
583,7132,2072-07,7508.86,1266.07,155.95,6086.84,2072-07-31,101
584,8891,2072-08,5628.53,873.77,164.39,4590.37,2072-08-31,104
585,3779,2072-09,3942.48,218.74,259.34,3464.3999999999996,2072-09-30,103
586,1924,2072-10,4916.35,1059.68,271.82,3584.85,2072-10-31,103
587,2581,2072-11,5837.49,1131.02,188.09,4518.379999999999,2072-11-30,103
588,8714,2072-12,5114.01,1121.29,202.3,3790.42,2072-12-31,101
589,4324,2073-01,5808.13,1370.73,154.77,4282.629999999999,2073-01-31,103
590,6713,2073-02,3618.99,678.68,258.64,2681.67,2073-02-28,102
591,8026,2073-03,5254.04,1204.06,233.27,3816.71,2073-03-31,103
592,1255,2073-04,2879.43,1357.75,297.06,1224.62,2073-04-30,104
593,5804,2073-05,4833.16,466.42,156.08,4210.66,2073-05-31,104
594,2838,2073-06,3644.14,1095.9,181.1,2367.14,2073-06-30,104
595,1009,2073-07,3896.71,848.75,211.57,2836.39,2073-07-31,101
596,3871,2073-08,6854.14,975.54,232.32,5646.280000000001,2073-08-31,102
597,9989,2073-09,6636.97,1104.3,189.22,5343.45,2073-09-30,103
598,8409,2073-10,5913.71,853.83,156.35,4903.53,2073-10-31,102
599,8418,2073-11,3361.53,797.29,244.07,2320.17,2073-11-30,102
600,6124,2073-12,4525.39,1010.25,236.06,3279.0800000000004,2073-12-31,104
601,2015,2074-01,6819.65,673.83,154.19,5991.63,2074-01-31,104
602,3193,2074-02,5212.58,674.25,267.77,4270.5599999999995,2074-02-28,104
603,9415,2074-03,8478.99,1203.81,258.51,7016.67,2074-03-31,101
604,8449,2074-04,5589.98,655.36,206.71,4727.91,2074-04-30,102
605,5158,2074-05,5288.07,1199.89,203.98,3884.1999999999994,2074-05-31,102
606,4925,2074-06,4536.33,1138.78,227.7,3169.8500000000004,2074-06-30,101
607,7970,2074-07,5200.31,482.26,156.91,4561.14,2074-07-31,101
608,7938,2074-08,4771.3,796.73,201.5,3773.07,2074-08-31,101
609,5784,2074-09,6062.16,1358.23,92.38,4611.55,2074-09-30,102
610,5000,2074-10,6435.05,705.65,243.82,5485.580000000001,2074-10-31,102
611,2633,2074-11,3821.02,860.68,121.93,2838.4100000000003,2074-11-30,104
612,8266,2074-12,3003.15,1138.62,275.17,1589.3600000000001,2074-12-31,104
613,9702,2075-01,2245.69,1235.02,183.49,827.1800000000001,2075-01-31,102
614,1384,2075-02,5761.99,924.54,189.42,4648.03,2075-02-28,104
615,1404,2075-03,3344.95,820.75,168.61,2355.5899999999997,2075-03-31,101
616,9175,2075-04,1770.66,1426.71,185.6,158.35000000000005,2075-04-30,103
617,3000,2075-05,5582.87,1521.67,270.93,3790.27,2075-05-31,104
618,6989,2075-06,8739.5,1293.66,75.61,7370.2300000000005,2075-06-30,102
619,2460,2075-07,4990.89,1025.6,263.85,3701.4400000000005,2075-07-31,104
620,8190,2075-08,6257.74,757.52,216.9,5283.32,2075-08-31,104
621,8140,2075-09,5122.74,750.87,139.65,4232.22,2075-09-30,104
622,4636,2075-10,4851.67,1156.75,146.23,3548.69,2075-10-31,103
623,5809,2075-11,6378.61,1125.52,283.82,4969.27,2075-11-30,101
624,5178,2075-12,4564.59,1420.48,152.72,2991.3900000000003,2075-12-31,102
625,8245,2076-01,5401.09,1195.14,142.33,4063.62,2076-01-31,103
626,7600,2076-02,5482.55,549.08,256.87,4676.6,2076-02-29,102
627,6997,2076-03,3997.86,1315.58,216.93,2465.3500000000004,2076-03-31,102
628,3048,2076-04,6488.06,700.58,153.1,5634.38,2076-04-30,102
629,5780,2076-05,4737.56,884.81,210.83,3641.9200000000005,2076-05-31,103
630,1716,2076-06,3866.38,1075.06,148.71,2642.61,2076-06-30,101
631,8939,2076-07,5804.76,1598.7,255.04,3951.0200000000004,2076-07-31,102
632,6565,2076-08,3652.3,1932.98,253.07,1466.2500000000002,2076-08-31,101
633,5544,2076-09,5042.27,1182.02,226.6,3633.6500000000005,2076-09-30,101
634,5976,2076-10,4986.32,945.04,218.08,3823.2,2076-10-31,104
635,4419,2076-11,6628.84,1160.35,288.06,5180.429999999999,2076-11-30,103
636,8239,2076-12,5712.05,1266.3,199.98,4245.77,2076-12-31,103
637,1249,2077-01,4962.46,903.8,140.91,3917.75,2077-01-31,104
638,9865,2077-02,6226.65,1538.56,222.47,4465.62,2077-02-28,104
639,1770,2077-03,7085.31,1069.02,304.3,5711.990000000001,2077-03-31,101
640,5363,2077-04,5836.72,1149.32,149.26,4538.14,2077-04-30,102
641,2077,2077-05,5015.53,1199.78,181.93,3633.82,2077-05-31,103
642,9427,2077-06,3032.25,1126.48,220.82,1684.95,2077-06-30,102
643,9580,2077-07,3402.33,1251.68,197.3,1953.3499999999997,2077-07-31,102
644,8901,2077-08,4542.16,814.82,150.88,3576.4599999999996,2077-08-31,104
645,5858,2077-09,4085.73,832.51,256.09,2997.13,2077-09-30,102
646,7544,2077-10,4719.54,669.95,316.0,3733.59,2077-10-31,101
647,5719,2077-11,5084.97,1131.85,209.81,3743.3100000000004,2077-11-30,104
648,3814,2077-12,5794.54,1233.68,154.8,4406.0599999999995,2077-12-31,102
649,4374,2078-01,4894.25,1137.33,122.55,3634.37,2078-01-31,104
650,2252,2078-02,5729.75,1502.35,212.9,4014.4999999999995,2078-02-28,101
651,7996,2078-03,5096.71,998.32,255.19,3843.2000000000003,2078-03-31,101
652,5673,2078-04,2036.8,1200.62,223.76,612.4200000000001,2078-04-30,102
653,5530,2078-05,3591.0,672.49,199.88,2718.63,2078-05-31,104
654,7881,2078-06,4783.87,883.87,170.54,3729.46,2078-06-30,102
655,7949,2078-07,3185.46,1208.66,145.39,1831.4099999999999,2078-07-31,102
656,7241,2078-08,5899.89,1254.73,241.74,4403.42,2078-08-31,104
657,9017,2078-09,7296.13,911.81,245.69,6138.63,2078-09-30,102
658,7941,2078-10,6828.14,978.52,122.71,5726.910000000001,2078-10-31,101
659,8002,2078-11,4679.84,544.64,279.49,3855.71,2078-11-30,104
660,2331,2078-12,7236.09,892.89,228.7,6114.5,2078-12-31,104
661,5261,2079-01,5223.0,1267.11,269.98,3685.9100000000003,2079-01-31,104
662,8648,2079-02,4494.37,1172.56,132.89,3188.92,2079-02-28,104
663,6115,2079-03,4079.9,1150.2,131.71,2797.99,2079-03-31,102
664,5637,2079-04,4546.3,1014.93,192.55,3338.82,2079-04-30,102
665,5854,2079-05,4417.73,1002.12,225.14,3190.47,2079-05-31,101
666,4177,2079-06,5255.62,801.9,289.82,4163.900000000001,2079-06-30,103
667,8730,2079-07,5240.86,1209.65,235.3,3795.9099999999994,2079-07-31,103
668,3180,2079-08,5004.57,1126.29,187.87,3690.41,2079-08-31,101
669,5892,2079-09,5655.41,1147.61,148.68,4359.12,2079-09-30,103
670,8043,2079-10,6785.97,842.19,261.5,5682.280000000001,2079-10-31,101
671,1137,2079-11,6424.33,354.0,151.76,5918.57,2079-11-30,102
672,7327,2079-12,2772.65,1329.15,281.42,1162.08,2079-12-31,104
673,4472,2080-01,1169.12,856.35,185.78,126.98999999999987,2080-01-31,104
674,6449,2080-02,6401.48,741.17,279.53,5380.78,2080-02-29,102
675,3832,2080-03,2949.68,1208.04,233.95,1507.6899999999998,2080-03-31,104
676,4579,2080-04,4662.85,882.4,193.15,3587.3,2080-04-30,104
677,6971,2080-05,3244.83,1317.98,174.03,1752.82,2080-05-31,103
678,5164,2080-06,2297.03,1185.1,182.95,928.9800000000002,2080-06-30,102
679,8941,2080-07,5812.19,1205.07,221.42,4385.7,2080-07-31,103
680,6569,2080-08,6138.73,590.21,203.86,5344.66,2080-08-31,103
681,5300,2080-09,4135.23,1363.58,170.31,2601.3399999999997,2080-09-30,104
682,7269,2080-10,1113.44,1078.38,191.72,-156.66000000000005,2080-10-31,104
683,4818,2080-11,4180.63,889.22,203.93,3087.48,2080-11-30,102
684,2906,2080-12,5587.71,1043.02,93.56,4451.13,2080-12-31,104
685,7254,2081-01,2781.63,467.13,222.91,2091.59,2081-01-31,104
686,1760,2081-02,5275.04,1122.6,151.01,4001.4300000000003,2081-02-28,102
687,8830,2081-03,4977.04,691.19,142.33,4143.52,2081-03-31,104
688,8350,2081-04,5868.94,594.2,115.63,5159.11,2081-04-30,103
689,7238,2081-05,5179.37,543.29,110.31,4525.7699999999995,2081-05-31,102
690,7090,2081-06,3540.4,1333.81,132.23,2074.36,2081-06-30,104
691,7031,2081-07,6794.86,811.22,164.55,5819.089999999999,2081-07-31,101
692,8687,2081-08,4762.21,1460.12,297.66,3004.4300000000003,2081-08-31,102
693,9472,2081-09,4959.04,839.26,173.71,3946.0699999999997,2081-09-30,102
694,2887,2081-10,3600.1,487.79,208.89,2903.42,2081-10-31,101
695,4266,2081-11,4335.08,665.04,220.02,3450.02,2081-11-30,104
696,1666,2081-12,3672.8,1370.74,206.55,2095.51,2081-12-31,104
697,5188,2082-01,4740.58,953.23,196.13,3591.22,2082-01-31,102
698,1671,2082-02,7567.56,835.51,140.24,6591.81,2082-02-28,102
699,7777,2082-03,2942.15,1048.01,272.55,1621.5900000000001,2082-03-31,104
700,8570,2082-04,2579.66,1150.53,290.36,1138.77,2082-04-30,104
701,8956,2082-05,7206.76,1335.22,115.87,5755.67,2082-05-31,103
702,6124,2082-06,4686.01,1434.55,148.8,3102.66,2082-06-30,102
703,6585,2082-07,3996.39,892.07,186.01,2918.3099999999995,2082-07-31,102
704,5777,2082-08,6559.86,602.19,151.77,5805.9,2082-08-31,101
705,4900,2082-09,4091.58,875.96,225.3,2990.3199999999997,2082-09-30,103
706,7677,2082-10,7739.01,1078.08,163.59,6497.34,2082-10-31,104
707,7981,2082-11,6016.89,710.87,308.25,4997.77,2082-11-30,103
708,7376,2082-12,4268.13,712.85,259.53,3295.75,2082-12-31,104
709,1523,2083-01,8235.96,1103.14,210.63,6922.189999999999,2083-01-31,104
710,3393,2083-02,4091.43,985.4,251.35,2854.68,2083-02-28,103
711,3593,2083-03,6113.14,1009.84,255.3,4848.0,2083-03-31,102
712,8240,2083-04,5448.94,772.45,171.8,4504.69,2083-04-30,104
713,7937,2083-05,6952.61,930.88,159.19,5862.54,2083-05-31,103
714,7190,2083-06,7342.27,722.73,203.91,6415.630000000001,2083-06-30,101
715,6240,2083-07,5048.01,1267.06,243.08,3537.8700000000003,2083-07-31,103
716,7493,2083-08,3869.87,1310.57,206.95,2352.3500000000004,2083-08-31,101
717,3878,2083-09,5689.96,446.14,121.15,5122.67,2083-09-30,104
718,5143,2083-10,3983.43,721.15,159.86,3102.4199999999996,2083-10-31,103
719,4644,2083-11,8020.08,551.04,196.3,7272.74,2083-11-30,103
720,5432,2083-12,5204.8,804.99,196.22,4203.59,2083-12-31,101
721,2276,2084-01,4452.02,974.97,298.63,3178.42,2084-01-31,103
722,6811,2084-02,5277.02,565.11,130.7,4581.210000000001,2084-02-29,103
723,1302,2084-03,2979.31,723.44,225.28,2030.59,2084-03-31,104
724,1638,2084-04,3542.58,698.81,274.46,2569.31,2084-04-30,103
725,1055,2084-05,6800.62,1062.18,313.57,5424.87,2084-05-31,102
726,9717,2084-06,4014.66,1020.8,179.78,2814.0799999999995,2084-06-30,101
727,9150,2084-07,3429.63,783.48,224.57,2421.58,2084-07-31,103
728,3125,2084-08,5804.98,1053.05,228.49,4523.44,2084-08-31,101
729,1364,2084-09,6778.56,836.0,209.77,5732.79,2084-09-30,101
730,7809,2084-10,6078.43,918.5,195.06,4964.87,2084-10-31,101
731,5621,2084-11,6494.07,1502.04,221.8,4770.23,2084-11-30,103
732,6126,2084-12,3864.81,1402.14,73.39,2389.28,2084-12-31,103
733,6122,2085-01,2867.28,610.13,234.1,2023.0500000000002,2085-01-31,101
734,2646,2085-02,7252.0,1248.92,206.31,5796.7699999999995,2085-02-28,102
735,1918,2085-03,4515.98,1243.42,188.88,3083.6799999999994,2085-03-31,101
736,3797,2085-04,4623.75,655.52,302.34,3665.89,2085-04-30,102
737,7506,2085-05,6992.29,1245.63,166.25,5580.41,2085-05-31,101
738,6870,2085-06,5834.35,1461.38,179.85,4193.12,2085-06-30,104
739,2531,2085-07,5683.83,663.24,299.58,4721.01,2085-07-31,101
740,9172,2085-08,8247.5,724.75,158.4,7364.35,2085-08-31,101
741,4345,2085-09,4034.72,1305.3,172.49,2556.9300000000003,2085-09-30,103
742,8673,2085-10,6391.76,1081.45,192.65,5117.660000000001,2085-10-31,102
743,7949,2085-11,5085.52,1165.44,242.04,3678.0400000000004,2085-11-30,104
744,7882,2085-12,5402.89,1102.18,210.39,4090.32,2085-12-31,102
745,2906,2086-01,7292.7,1117.21,135.37,6040.12,2086-01-31,104
746,4086,2086-02,5761.75,602.06,173.39,4986.3,2086-02-28,101
747,9152,2086-03,5807.44,1314.2,169.63,4323.61,2086-03-31,103
748,6750,2086-04,6608.76,1350.88,196.14,5061.74,2086-04-30,103
749,9905,2086-05,4452.57,931.18,221.29,3300.1,2086-05-31,102
750,2062,2086-06,3741.19,986.96,220.91,2533.32,2086-06-30,103
751,2976,2086-07,3432.79,540.67,111.2,2780.92,2086-07-31,102
752,2296,2086-08,2050.47,1154.28,253.2,642.9899999999998,2086-08-31,102
753,7229,2086-09,8084.31,1171.62,212.63,6700.06,2086-09-30,104
754,8641,2086-10,3345.19,981.34,269.23,2094.62,2086-10-31,102
755,1125,2086-11,4668.12,1337.31,222.21,3108.6,2086-11-30,104
756,5632,2086-12,4584.78,899.78,255.07,3429.93,2086-12-31,103
757,7288,2087-01,5461.11,1169.38,223.33,4068.3999999999996,2087-01-31,102
758,4596,2087-02,6223.61,694.1,267.31,5262.199999999999,2087-02-28,102
759,7168,2087-03,6290.71,992.93,226.11,5071.67,2087-03-31,101
760,8561,2087-04,4125.38,947.69,195.1,2982.59,2087-04-30,102
761,9258,2087-05,4749.32,1067.59,313.62,3368.1099999999997,2087-05-31,102
762,1232,2087-06,5423.87,889.14,244.45,4290.28,2087-06-30,101
763,7371,2087-07,4626.96,960.56,228.69,3437.71,2087-07-31,101
764,5206,2087-08,7411.02,1247.81,136.18,6027.030000000001,2087-08-31,103
765,8943,2087-09,5736.46,868.97,135.58,4731.91,2087-09-30,102
766,7891,2087-10,6102.32,518.03,214.64,5369.65,2087-10-31,103
767,7738,2087-11,5994.32,1524.88,207.28,4262.16,2087-11-30,103
768,3472,2087-12,6760.21,1414.44,169.29,5176.4800000000005,2087-12-31,101
769,3739,2088-01,5271.53,612.32,207.05,4452.16,2088-01-31,104
770,6401,2088-02,3054.75,1206.91,279.43,1568.4099999999999,2088-02-29,103
771,2761,2088-03,5599.53,849.11,234.77,4515.65,2088-03-31,104
772,1876,2088-04,4022.96,1079.05,142.95,2800.96,2088-04-30,102
773,4812,2088-05,4207.07,1088.27,194.42,2924.3799999999997,2088-05-31,101
774,2460,2088-06,5879.55,929.68,159.75,4790.12,2088-06-30,102
775,2733,2088-07,6857.42,764.87,180.62,5911.93,2088-07-31,102
776,2605,2088-08,5031.91,792.84,179.32,4059.7499999999995,2088-08-31,101
777,6622,2088-09,5463.25,725.14,176.12,4561.99,2088-09-30,102
778,7767,2088-10,7553.32,750.45,137.24,6665.63,2088-10-31,101
779,7986,2088-11,5361.13,979.85,193.62,4187.66,2088-11-30,104
780,4517,2088-12,8902.52,785.27,171.97,7945.28,2088-12-31,102
781,4735,2089-01,5848.26,1204.62,53.53,4590.110000000001,2089-01-31,101
782,9434,2089-02,2358.86,1446.17,302.65,610.0400000000001,2089-02-28,103
783,3590,2089-03,6130.01,825.98,254.44,5049.590000000001,2089-03-31,102
784,2063,2089-04,5571.74,1071.82,181.18,4318.74,2089-04-30,104
785,5324,2089-05,6934.63,1149.91,200.94,5583.780000000001,2089-05-31,101
786,6342,2089-06,6009.77,1141.6,141.42,4726.75,2089-06-30,102
787,1005,2089-07,4792.32,1022.79,284.79,3484.74,2089-07-31,102
788,8489,2089-08,3163.55,1222.8,294.86,1645.8900000000003,2089-08-31,102
789,9659,2089-09,4686.47,1144.67,207.83,3333.9700000000003,2089-09-30,104
790,9195,2089-10,3724.22,628.7,251.18,2844.3399999999997,2089-10-31,101
791,6966,2089-11,4129.21,1260.75,208.76,2659.7,2089-11-30,103
792,9837,2089-12,5882.87,1266.19,133.16,4483.52,2089-12-31,103
793,1117,2090-01,7504.86,771.01,179.41,6554.44,2090-01-31,103
794,3551,2090-02,5592.01,1011.38,206.6,4374.03,2090-02-28,101
795,6560,2090-03,3206.18,1205.0,177.27,1823.9099999999999,2090-03-31,103
796,5289,2090-04,5666.9,937.21,189.07,4540.62,2090-04-30,104
797,1846,2090-05,6794.95,1321.89,195.43,5277.629999999999,2090-05-31,101
798,7316,2090-06,4085.33,1709.16,195.96,2180.21,2090-06-30,102
799,7469,2090-07,4798.97,764.2,202.61,3832.1600000000003,2090-07-31,104
800,9915,2090-08,5022.03,585.69,146.97,4289.37,2090-08-31,102
801,1224,2090-09,3822.65,1091.15,164.15,2567.35,2090-09-30,103
802,5208,2090-10,5972.42,1216.47,135.77,4620.179999999999,2090-10-31,104
803,7283,2090-11,4818.58,930.74,248.89,3638.9500000000003,2090-11-30,101
804,3048,2090-12,5629.3,1435.98,94.72,4098.599999999999,2090-12-31,104
805,7233,2091-01,3668.76,598.42,257.68,2812.6600000000003,2091-01-31,102
806,2828,2091-02,4343.81,1207.88,269.32,2866.61,2091-02-28,101
807,2917,2091-03,6083.57,818.24,184.89,5080.44,2091-03-31,104
808,5234,2091-04,4440.75,1515.81,69.84,2855.1,2091-04-30,104
809,7988,2091-05,7590.45,1597.75,181.93,5810.7699999999995,2091-05-31,104
810,3026,2091-06,4400.55,770.0,196.79,3433.76,2091-06-30,104
811,4744,2091-07,5337.03,835.13,149.47,4352.429999999999,2091-07-31,101
812,1009,2091-08,6398.89,1257.88,174.24,4966.77,2091-08-31,102
813,1260,2091-09,2872.45,883.86,276.51,1712.0799999999997,2091-09-30,104
814,7038,2091-10,2358.79,986.38,233.25,1139.1599999999999,2091-10-31,101
815,3219,2091-11,2711.52,1007.62,153.77,1550.13,2091-11-30,102
816,8041,2091-12,6893.88,424.1,120.12,6349.66,2091-12-31,104
817,3060,2092-01,4172.21,995.85,183.65,2992.71,2092-01-31,102
818,6287,2092-02,8837.3,793.08,189.33,7854.889999999999,2092-02-29,102
819,2619,2092-03,4153.63,852.06,224.81,3076.76,2092-03-31,101
820,9512,2092-04,5276.83,1433.09,173.23,3670.5099999999998,2092-04-30,102
821,2342,2092-05,7313.16,623.05,225.57,6464.54,2092-05-31,101
822,3832,2092-06,8009.14,1243.96,296.76,6468.42,2092-06-30,104
823,3824,2092-07,8092.26,916.31,240.78,6935.170000000001,2092-07-31,102
824,2994,2092-08,6812.55,916.07,197.6,5698.88,2092-08-31,102
825,4490,2092-09,6536.09,1237.11,190.84,5108.14,2092-09-30,103
826,8984,2092-10,5888.79,1102.02,182.17,4604.6,2092-10-31,104
827,2604,2092-11,6167.54,1171.18,259.03,4737.33,2092-11-30,104
828,1235,2092-12,4173.22,1290.46,168.63,2714.13,2092-12-31,103
829,2908,2093-01,3772.7,900.61,202.26,2669.83,2093-01-31,103
830,9567,2093-02,4994.94,816.33,202.56,3976.0499999999997,2093-02-28,101
831,4530,2093-03,4744.72,674.45,174.91,3895.3600000000006,2093-03-31,101
832,6256,2093-04,4320.16,752.38,131.38,3436.3999999999996,2093-04-30,102
833,3635,2093-05,6044.58,1884.73,216.15,3943.7000000000003,2093-05-31,102
834,9162,2093-06,6432.96,1373.4,196.95,4862.61,2093-06-30,102
835,3560,2093-07,5132.61,594.68,225.01,4312.919999999999,2093-07-31,102
836,6415,2093-08,7216.3,603.26,173.32,6439.72,2093-08-31,101
837,4391,2093-09,3287.47,1144.56,261.04,1881.87,2093-09-30,104
838,6951,2093-10,4709.51,1164.18,156.16,3389.17,2093-10-31,102
839,6468,2093-11,3924.77,1164.67,285.6,2474.5,2093-11-30,104
840,9007,2093-12,2200.2,923.51,112.62,1164.0699999999997,2093-12-31,102
841,7413,2094-01,4875.98,962.36,221.74,3691.879999999999,2094-01-31,103
842,7941,2094-02,4817.38,1098.36,223.77,3495.2500000000005,2094-02-28,102
843,5820,2094-03,7270.17,1025.77,160.22,6084.179999999999,2094-03-31,102
844,3898,2094-04,5946.22,334.21,221.22,5390.79,2094-04-30,102
845,8546,2094-05,3463.72,931.06,263.98,2268.68,2094-05-31,101
846,1077,2094-06,7781.14,744.58,89.16,6947.400000000001,2094-06-30,103
847,8577,2094-07,6831.55,1052.56,225.14,5553.849999999999,2094-07-31,102
848,5227,2094-08,5873.15,1895.58,75.34,3902.2299999999996,2094-08-31,102
849,1600,2094-09,4660.27,1110.24,151.72,3398.310000000001,2094-09-30,104
850,2065,2094-10,3560.84,905.94,281.46,2373.44,2094-10-31,103
851,3136,2094-11,4441.69,1276.54,170.91,2994.24,2094-11-30,102
852,7943,2094-12,6633.12,1144.81,141.31,5346.999999999999,2094-12-31,104
853,8804,2095-01,7826.88,1126.03,190.1,6510.75,2095-01-31,104
854,7565,2095-02,7314.87,1182.06,303.4,5829.41,2095-02-28,101
855,6984,2095-03,4266.73,1616.96,108.42,2541.3499999999995,2095-03-31,104
856,6142,2095-04,3320.57,660.73,147.43,2512.4100000000003,2095-04-30,102
857,5670,2095-05,5211.33,1142.09,274.87,3794.37,2095-05-31,101
858,3190,2095-06,2347.34,722.09,292.89,1332.3600000000001,2095-06-30,101
859,3712,2095-07,5484.75,1166.65,194.83,4123.27,2095-07-31,102
860,3192,2095-08,4778.6,724.39,138.05,3916.1600000000003,2095-08-31,103
861,2248,2095-09,4300.95,874.79,304.79,3121.37,2095-09-30,104
862,5033,2095-10,2607.95,911.47,279.72,1416.7599999999998,2095-10-31,101
863,2997,2095-11,5770.4,1292.75,233.95,4243.7,2095-11-30,103
864,4687,2095-12,4200.95,1275.54,159.38,2766.0299999999997,2095-12-31,102
865,5018,2096-01,3245.12,626.28,197.55,2421.29,2096-01-31,104
866,2970,2096-02,691.61,1016.48,191.98,-516.85,2096-02-29,104
867,9389,2096-03,4958.73,787.13,216.54,3955.0599999999995,2096-03-31,101
868,6765,2096-04,7658.38,622.45,272.55,6763.38,2096-04-30,104
869,2202,2096-05,7491.89,934.89,243.97,6313.03,2096-05-31,104
870,9135,2096-06,4314.36,907.46,146.13,3260.7699999999995,2096-06-30,104
871,6567,2096-07,4096.68,1728.01,268.82,2099.85,2096-07-31,104
872,8667,2096-08,5703.16,1129.89,215.66,4357.61,2096-08-31,102
873,6742,2096-09,3502.42,586.71,234.35,2681.36,2096-09-30,103
874,6788,2096-10,5452.69,830.57,273.33,4348.79,2096-10-31,102
875,6408,2096-11,6149.12,1306.41,144.42,4698.29,2096-11-30,102
876,9669,2096-12,6840.4,1626.53,198.21,5015.66,2096-12-31,101
877,1922,2097-01,4849.77,524.21,173.43,4152.13,2097-01-31,104
878,1419,2097-02,4694.49,436.02,121.61,4136.86,2097-02-28,102
879,3204,2097-03,3683.03,1561.29,217.34,1904.4000000000003,2097-03-31,104
880,2120,2097-04,3759.68,1116.88,325.58,2317.22,2097-04-30,102
881,1950,2097-05,4660.28,739.51,108.0,3812.7699999999995,2097-05-31,102
882,3336,2097-06,5551.05,1160.39,198.39,4192.2699999999995,2097-06-30,101
883,6373,2097-07,6370.38,209.28,232.03,5929.070000000001,2097-07-31,103
884,3243,2097-08,3795.23,1001.01,206.15,2588.07,2097-08-31,103
885,3645,2097-09,7239.03,1098.35,194.34,5946.34,2097-09-30,102
886,5612,2097-10,4593.31,1277.28,135.04,3180.9900000000007,2097-10-31,101
887,2865,2097-11,4967.95,695.83,211.64,4060.48,2097-11-30,104
888,7028,2097-12,3879.18,1025.71,162.16,2691.31,2097-12-31,104
889,8326,2098-01,1363.64,722.37,90.5,550.7700000000001,2098-01-31,102
890,7371,2098-02,6326.07,1076.62,259.73,4989.719999999999,2098-02-28,103
891,7359,2098-03,6105.27,731.4,247.92,5125.950000000001,2098-03-31,101
892,8863,2098-04,4578.01,877.57,202.58,3497.86,2098-04-30,103
893,4228,2098-05,5100.49,701.26,211.45,4187.78,2098-05-31,104
894,4719,2098-06,5773.91,1195.34,253.72,4324.849999999999,2098-06-30,103
895,3371,2098-07,2656.18,1257.54,211.22,1187.4199999999998,2098-07-31,104
896,3891,2098-08,4206.42,929.61,245.2,3031.61,2098-08-31,101
897,4756,2098-09,6191.4,1011.47,185.13,4994.799999999999,2098-09-30,101
898,5225,2098-10,3118.57,565.42,265.6,2287.55,2098-10-31,102
899,1094,2098-11,5440.34,910.1,216.04,4314.2,2098-11-30,102
900,3674,2098-12,2965.13,984.94,209.7,1770.49,2098-12-31,103
901,7898,2099-01,5699.64,1786.24,136.5,3776.9000000000005,2099-01-31,101
902,1793,2099-02,4946.54,666.41,214.35,4065.78,2099-02-28,101
903,3116,2099-03,2577.3,1439.25,158.4,979.6500000000002,2099-03-31,102
904,6779,2099-04,6747.11,1299.06,168.09,5279.959999999999,2099-04-30,104
905,7166,2099-05,3898.11,1084.19,159.23,2654.69,2099-05-31,103
906,1814,2099-06,3784.62,1527.59,146.69,2110.3399999999997,2099-06-30,103
907,1345,2099-07,5300.85,1111.63,306.24,3882.9800000000005,2099-07-31,102
908,9554,2099-08,6722.96,1116.75,266.57,5339.64,2099-08-31,101
909,3443,2099-09,3476.27,984.06,296.02,2196.19,2099-09-30,102
910,8783,2099-10,5092.52,1367.07,138.86,3586.5900000000006,2099-10-31,102
911,1984,2099-11,5643.22,1328.94,203.56,4110.72,2099-11-30,102
912,8790,2099-12,6039.66,812.3,135.32,5092.04,2099-12-31,102
913,1827,2100-01,5264.66,604.23,165.22,4495.21,2100-01-31,104
914,4531,2100-02,4449.46,939.11,154.09,3356.2599999999998,2100-02-28,104
915,8147,2100-03,3758.61,759.99,261.98,2736.64,2100-03-31,101
916,5451,2100-04,5129.22,980.94,180.19,3968.0900000000006,2100-04-30,102
917,4876,2100-05,3391.79,1371.23,253.42,1767.1399999999999,2100-05-31,104
918,6959,2100-06,617.97,862.81,230.21,-475.04999999999995,2100-06-30,101
919,1126,2100-07,5654.84,987.15,315.18,4352.51,2100-07-31,102
920,4177,2100-08,6355.9,1017.41,126.03,5212.46,2100-08-31,103
921,9795,2100-09,1455.6,1254.53,262.96,-61.89000000000004,2100-09-30,104
922,7024,2100-10,3485.4,325.93,257.32,2902.15,2100-10-31,101
923,6109,2100-11,5928.73,817.99,151.33,4959.41,2100-11-30,103
924,5146,2100-12,8086.24,1063.39,250.36,6772.49,2100-12-31,102
925,8196,2101-01,5031.19,1360.02,216.81,3454.3599999999997,2101-01-31,102
926,4368,2101-02,3908.0,852.43,188.63,2866.94,2101-02-28,102
927,4797,2101-03,4725.66,437.03,158.8,4129.83,2101-03-31,104
928,2792,2101-04,7062.31,1185.91,164.04,5712.360000000001,2101-04-30,101
929,6732,2101-05,4031.05,809.39,302.49,2919.17,2101-05-31,103
930,4476,2101-06,3801.21,643.1,200.03,2958.08,2101-06-30,101
931,4417,2101-07,4275.88,812.7,239.11,3224.07,2101-07-31,104
932,2645,2101-08,3570.01,944.64,160.46,2464.9100000000003,2101-08-31,101
933,4030,2101-09,5184.01,818.58,161.01,4204.42,2101-09-30,104
934,3872,2101-10,7437.02,338.33,254.1,6844.59,2101-10-31,102
935,4072,2101-11,5484.62,1269.12,132.52,4082.98,2101-11-30,103
936,2854,2101-12,4621.47,1382.46,179.24,3059.7700000000004,2101-12-31,102
937,5021,2102-01,4562.28,1195.46,201.7,3165.12,2102-01-31,101
938,5662,2102-02,2655.21,658.69,205.57,1790.95,2102-02-28,102
939,7514,2102-03,6324.66,939.55,191.05,5194.0599999999995,2102-03-31,103
940,6031,2102-04,4883.24,998.04,219.79,3665.41,2102-04-30,102
941,3708,2102-05,4729.28,1179.64,234.64,3314.9999999999995,2102-05-31,103
942,8112,2102-06,9789.66,1200.5,236.73,8352.43,2102-06-30,103
943,9393,2102-07,5448.13,779.75,150.71,4517.67,2102-07-31,102
944,4507,2102-08,3872.31,1024.6,185.79,2661.92,2102-08-31,104
945,7456,2102-09,4360.46,1137.18,259.74,2963.54,2102-09-30,101
946,5212,2102-10,6722.67,1436.75,244.73,5041.1900000000005,2102-10-31,104
947,8970,2102-11,5169.91,1211.35,131.36,3827.2,2102-11-30,104
948,9766,2102-12,2842.58,1236.72,217.57,1388.29,2102-12-31,102
949,1536,2103-01,6378.84,1025.15,101.09,5252.6,2103-01-31,101
950,2625,2103-02,3997.78,1423.14,202.35,2372.2900000000004,2103-02-28,101
951,8973,2103-03,7809.95,1122.93,294.89,6392.129999999999,2103-03-31,104
952,9577,2103-04,6620.07,741.67,152.61,5725.79,2103-04-30,102
953,9070,2103-05,4329.02,1421.01,158.28,2749.73,2103-05-31,101
954,9666,2103-06,6921.52,1209.37,238.2,5473.950000000001,2103-06-30,104
955,9609,2103-07,5101.78,867.09,122.86,4111.83,2103-07-31,101
956,7490,2103-08,6279.16,856.15,168.36,5254.650000000001,2103-08-31,102
957,4600,2103-09,5727.1,1088.97,229.82,4408.31,2103-09-30,102
958,7783,2103-10,3730.47,1138.96,168.29,2423.22,2103-10-31,102
959,5971,2103-11,4034.68,1059.19,188.2,2787.29,2103-11-30,101
960,2205,2103-12,6544.94,1093.39,237.21,5214.339999999999,2103-12-31,103
961,2990,2104-01,4497.84,1509.99,221.08,2766.7700000000004,2104-01-31,101
962,6299,2104-02,4394.53,1321.46,213.34,2859.7299999999996,2104-02-29,103
963,4572,2104-03,3567.32,1057.19,183.04,2327.09,2104-03-31,102
964,6975,2104-04,5635.4,1282.39,218.5,4134.509999999999,2104-04-30,104
965,7320,2104-05,8093.79,690.24,193.81,7209.74,2104-05-31,103
966,5380,2104-06,3398.7,1119.38,222.89,2056.43,2104-06-30,102
967,5757,2104-07,5036.33,1542.79,175.15,3318.39,2104-07-31,102
968,3713,2104-08,7118.33,934.59,190.87,5992.87,2104-08-31,103
969,6588,2104-09,4880.54,745.71,150.5,3984.33,2104-09-30,104
970,1966,2104-10,5678.56,804.37,198.25,4675.9400000000005,2104-10-31,102
971,5944,2104-11,3406.41,673.11,159.45,2573.85,2104-11-30,103
972,4432,2104-12,5642.46,764.57,144.3,4733.59,2104-12-31,104
973,1688,2105-01,4719.28,888.85,212.93,3617.5,2105-01-31,104
974,5243,2105-02,6478.59,578.33,210.64,5689.62,2105-02-28,102
975,4701,2105-03,6781.08,1004.69,239.14,5537.249999999999,2105-03-31,101
976,9533,2105-04,8884.35,1270.68,178.44,7435.2300000000005,2105-04-30,101
977,6182,2105-05,5869.45,727.67,220.4,4921.38,2105-05-31,102
978,7704,2105-06,5488.69,1455.79,227.54,3805.3599999999997,2105-06-30,104
979,5422,2105-07,5291.58,1153.24,222.24,3916.1000000000004,2105-07-31,102
980,2759,2105-08,4470.25,1309.17,158.72,3002.36,2105-08-31,103
981,3482,2105-09,5507.73,802.65,207.47,4497.61,2105-09-30,101
982,9058,2105-10,4556.9,1256.36,218.21,3082.33,2105-10-31,103
983,1951,2105-11,5252.69,672.42,200.36,4379.91,2105-11-30,102
984,9914,2105-12,6976.4,1267.07,95.68,5613.65,2105-12-31,102
985,3079,2106-01,3490.19,1051.55,208.02,2230.6200000000003,2106-01-31,104
986,3717,2106-02,6709.82,1165.98,310.63,5233.21,2106-02-28,104
987,5524,2106-03,6975.67,647.32,182.0,6146.35,2106-03-31,104
988,9477,2106-04,4822.9,731.48,163.6,3927.8199999999997,2106-04-30,103
989,8311,2106-05,1817.22,1179.17,218.67,419.38,2106-05-31,104
990,8186,2106-06,4088.27,715.5,215.62,3157.15,2106-06-30,102
991,3065,2106-07,6945.49,1138.96,259.64,5546.889999999999,2106-07-31,104
992,1768,2106-08,4965.7,589.86,137.11,4238.7300000000005,2106-08-31,101
993,6490,2106-09,3501.05,1254.45,236.57,2010.0300000000004,2106-09-30,104
994,7645,2106-10,4242.84,630.24,229.52,3383.0800000000004,2106-10-31,103
995,6083,2106-11,6260.93,1165.69,192.89,4902.349999999999,2106-11-30,101
996,6232,2106-12,5820.1,1187.69,216.93,4415.48,2106-12-31,101
997,6797,2107-01,4641.6,790.97,251.47,3599.1600000000003,2107-01-31,101
998,5926,2107-02,4449.76,1174.61,243.62,3031.5300000000007,2107-02-28,103
999,7016,2107-03,4412.36,1078.13,142.85,3191.3799999999997,2107-03-31,102
1000,4335,2107-04,3616.38,838.35,241.01,2537.0200000000004,2107-04-30,104
